,Father,Son
0,165.1,151.892
1,165.1,160.78199999999998
2,167.132,159.512
3,155.19400000000002,163.322
4,160.02,163.068
5,164.33800000000002,162.56
6,167.89399999999998,164.08399999999997
7,170.18,162.56
